<?xml version="1.0" encoding="UTF-8"?>
<project-private xmlns="http://www.netbeans.org/ns/project-private/1">
    <editor-bookmarks xmlns="http://www.netbeans.org/ns/editor-bookmarks/2" lastBookmarkId="0"/>
    <open-files xmlns="http://www.netbeans.org/ns/projectui-open-files/2">
        <group>
            <file>file:/C:/Users/luffy/OneDrive%20-%20Estudiantes%20ITCR/Documentos/TEC/S6_2023/POO/P/2/Rummikub/src/Servidor/JFrameServidor.java</file>
            <file>file:/C:/Users/luffy/OneDrive%20-%20Estudiantes%20ITCR/Documentos/TEC/S6_2023/POO/P/2/Rummikub/src/Servidor/threadServidor.java</file>
            <file>file:/C:/Users/luffy/OneDrive%20-%20Estudiantes%20ITCR/Documentos/TEC/S6_2023/POO/P/2/Rummikub/src/rummikub/Ficha.java</file>
            <file>file:/C:/Users/luffy/OneDrive%20-%20Estudiantes%20ITCR/Documentos/TEC/S6_2023/POO/P/2/Rummikub/src/Servidor/cantJugadores.java</file>
            <file>file:/C:/Users/luffy/OneDrive%20-%20Estudiantes%20ITCR/Documentos/TEC/S6_2023/POO/P/2/Rummikub/src/rummikub/Rummikub.java</file>
            <file>file:/C:/Users/luffy/OneDrive%20-%20Estudiantes%20ITCR/Documentos/TEC/S6_2023/POO/P/2/Rummikub/src/rummikub/Ventana.java</file>
            <file>file:/C:/Users/luffy/OneDrive%20-%20Estudiantes%20ITCR/Documentos/TEC/S6_2023/POO/P/2/Rummikub/src/Servidor/ServidorRummikub.java</file>
        </group>
    </open-files>
</project-private>
